<?xml version="1.0" encoding="UTF-8"?>

<CodeSystem xmlns="http://hl7.org/fhir">
  <id value="bw-pims-lab-order-status-cs"/>
  <text>
    <status value="generated"/><div xmlns="http://www.w3.org/1999/xhtml"><p>This code system http://simplifier.net/ISiK/CodeSystem/bw-pims-lab-order-status-cs defines the following codes:</p><table class="codes"><tr><td style="white-space:nowrap"><b>Code</b></td><td><b>Display</b></td><td><b>Definition</b></td></tr><tr><td style="white-space:nowrap">ordered<a name="bw-pims-lab-order-status-cs-ordered"> </a></td><td>Ordered</td><td>Order was requested</td></tr><tr><td style="white-space:nowrap">fully-drawn<a name="bw-pims-lab-order-status-cs-fully-drawn"> </a></td><td>Fully-drawn</td><td>All Order specimens were drawn</td></tr><tr><td style="white-space:nowrap">partially-resulted<a name="bw-pims-lab-order-status-cs-partially-resulted"> </a></td><td>Partially-resulted</td><td>Partial results are available</td></tr><tr><td style="white-space:nowrap">cancelled<a name="bw-pims-lab-order-status-cs-cancelled"> </a></td><td>Cancelled</td><td>Order was cancelled</td></tr><tr><td style="white-space:nowrap">partially-drawn<a name="bw-pims-lab-order-status-cs-partially-drawn"> </a></td><td>Partially-drawn</td><td>Some order specimens were drawn</td></tr></table></div>
  </text>
  <url value="http://simplifier.net/ISiK/CodeSystem/bw-pims-lab-order-status-cs"/>
  <version value="0.2.0"/>
  <name value="BwPimsLabOrderStatusCS"/>
  <title value="PIMS Lab Order Status Code System"/>
  <status value="draft"/>
  <experimental value="true"/>
  <date value="2022-02-23T12:18:43+00:00"/>
  <publisher value="gematik"/>
  <contact>
    <name value="gematik"/>
    <telecom>
      <system value="url"/>
      <value value="www.gematik.de"/>
    </telecom>
    <telecom>
      <system value="email"/>
      <value value="isik@gematik.de"/>
    </telecom>
  </contact>
  <description value="PIMS Lab Order Status Code System"/>
  <content value="complete"/>
  <count value="5"/>
  <concept>
    <code value="ordered"/>
    <display value="Ordered"/>
    <definition value="Order was requested"/>
  </concept>
  <concept>
    <code value="fully-drawn"/>
    <display value="Fully-drawn"/>
    <definition value="All Order specimens were drawn"/>
  </concept>
  <concept>
    <code value="partially-resulted"/>
    <display value="Partially-resulted"/>
    <definition value="Partial results are available"/>
  </concept>
  <concept>
    <code value="cancelled"/>
    <display value="Cancelled"/>
    <definition value="Order was cancelled"/>
  </concept>
  <concept>
    <code value="partially-drawn"/>
    <display value="Partially-drawn"/>
    <definition value="Some order specimens were drawn"/>
  </concept>
</CodeSystem>