<?xml version="1.0" encoding="UTF-8"?>

<ConceptMap xmlns="http://hl7.org/fhir">
  <id value="BwLabPimsOrderStatusDiagnosticReportCM"/>
  <text>
    <status value="extensions"/><div xmlns="http://www.w3.org/1999/xhtml"><h2>BwLabPimsOrderStatusDiagnosticReportCM (http://simplifier.net/ISiK/ConceptMap/BwLabPimsOrderStatusDiagnosticReportCM)</h2><p>Mapping from <a href="ValueSet-bw-pims-lab-order-status-vs.html">http://simplifier.net/ISiK/ValueSet/bw-pims-lab-order-status-vs</a> to <a href="http://hl7.org/fhir/R4/valueset-diagnostic-report-status.html">http://hl7.org/fhir/ValueSet/diagnostic-report-status</a></p><p>DRAFT (not intended for production usage). Published on 2022-03-07 07:35:42+0000 by gematik (gematik: <a href="www.gematik.de">www.gematik.de</a>, <a href="mailto:isik@gematik.de">isik@gematik.de</a>). </p><br/><table class="grid"><tr><td><b>Source Code</b></td><td><b>Relationship</b></td><td><b>Destination Code</b></td></tr><tr><td colspan="3">Mapping from <a href="ValueSet-bw-pims-lab-order-status-vs.html">Status Values for PIMS Lab Orders</a> to <a href="http://hl7.org/fhir/R4/valueset-diagnostic-report-status.html">DiagnosticReportStatus</a></td></tr><tr><td>ordered</td><td><a href="http://hl7.org/fhir/R4/codesystem-concept-map-equivalence.html#equal">is equal to</a></td><td>unknown</td></tr><tr><td>fully-drawn</td><td><a href="http://hl7.org/fhir/R4/codesystem-concept-map-equivalence.html#equal">is equal to</a></td><td>unknown</td></tr><tr><td>partially-resulted</td><td><a href="http://hl7.org/fhir/R4/codesystem-concept-map-equivalence.html#equal">is equal to</a></td><td>partial</td></tr><tr><td>cancelled</td><td><a href="http://hl7.org/fhir/R4/codesystem-concept-map-equivalence.html#equal">is equal to</a></td><td>cancelled</td></tr><tr><td>partially-drawn</td><td><a href="http://hl7.org/fhir/R4/codesystem-concept-map-equivalence.html#equal">is equal to</a></td><td>unknown</td></tr></table></div>
  </text>
  <url value="http://simplifier.net/ISiK/ConceptMap/BwLabPimsOrderStatusDiagnosticReportCM"/>
  <version value="0.2.0"/>
  <name value="BwLabPimsOrderStatusDiagnosticReportCM"/>
  <status value="draft"/>
  <experimental value="true"/>
  <date value="2022-03-07T07:35:42+00:00"/>
  <publisher value="gematik"/>
  <contact>
    <name value="gematik"/>
    <telecom>
      <system value="url"/>
      <value value="www.gematik.de"/>
    </telecom>
    <telecom>
      <system value="email"/>
      <value value="isik@gematik.de"/>
    </telecom>
  </contact>
  <sourceCanonical value="http://simplifier.net/ISiK/ValueSet/bw-pims-lab-order-status-vs"/>
  <targetUri value="http://hl7.org/fhir/ValueSet/diagnostic-report-status"/>
  <group>
    <source value="http://simplifier.net/ISiK/ValueSet/bw-pims-lab-order-status-vs"/>
    <target value="http://hl7.org/fhir/ValueSet/diagnostic-report-status"/>
    <element>
      <code value="ordered"/>
      <target>
        <code value="unknown"/>
        <equivalence value="equal"/>
      </target>
    </element>
    <element>
      <code value="fully-drawn"/>
      <target>
        <code value="unknown"/>
        <equivalence value="equal"/>
      </target>
    </element>
    <element>
      <code value="partially-resulted"/>
      <target>
        <code value="partial"/>
        <equivalence value="equal"/>
      </target>
    </element>
    <element>
      <code value="cancelled"/>
      <target>
        <code value="cancelled"/>
        <equivalence value="equal"/>
      </target>
    </element>
    <element>
      <code value="partially-drawn"/>
      <target>
        <code value="unknown"/>
        <equivalence value="equal"/>
      </target>
    </element>
  </group>
</ConceptMap>