<?xml version="1.0" encoding="UTF-8"?>

<Observation xmlns="http://hl7.org/fhir">
  <id value="example-birth-place"/>
  <meta>
    <profile value="http://simplifier.net/ISiK/StructureDefinition/birth-place-observation"/>
  </meta>
  <text>
    <status value="generated"/><div xmlns="http://www.w3.org/1999/xhtml"><p><b>Generated Narrative</b></p><div style="display: inline-block; background-color: #d9e0e7; padding: 6px; margin: 4px; border: 1px solid #8da1b4; border-radius: 5px; line-height: 60%"><p style="margin-bottom: 0px">Resource "example-birth-place" </p><p style="margin-bottom: 0px">Profile: <a href="StructureDefinition-birth-place-observation.html">Birth Place</a></p></div><p><b>status</b>: final</p><p><b>code</b>: Birthplace <span style="background: LightGoldenRodYellow; margin: 4px; border: 1px solid khaki"> (<a href="https://loinc.org/">LOINC</a>#21842-0)</span></p><p><b>subject</b>: <a href="Patient-example-omang-patient.html">Patient/example-omang-patient</a> " &lt;FIRST_NME&gt;"</p><h3>Components</h3><table class="grid"><tr><td>-</td><td><b>Code</b></td><td><b>Value[x]</b></td></tr><tr><td>*</td><td>Birthplace <span style="background: LightGoldenRodYellow; margin: 4px; border: 1px solid khaki"> (<a href="https://loinc.org/">LOINC</a>#21842-0)</span></td><td>&lt;BIRTH_PLACE_NME&gt;</td></tr></table></div>
  </text>
  <status value="final"/>
  <code>
    <coding>
      <system value="http://loinc.org"/>
      <code value="21842-0"/>
    </coding>
  </code>
  <subject>
    <reference value="Patient/example-omang-patient"/>
  </subject>
  <component>
    <code>
      <coding>
        <system value="http://loinc.org"/>
        <code value="21842-0"/>
      </coding>
    </code>
    <valueString value="&lt;BIRTH_PLACE_NME&gt;"/>
  </component>
</Observation>