<?xml version="1.0" encoding="UTF-8"?>

<Patient xmlns="http://hl7.org/fhir">
  <id value="example-pims-patient-international"/>
  <meta>
    <profile value="http://b-techbw.github.io/bw-lab-ig/StructureDefinition/bw-patient"/>
  </meta>
  <text>
    <status value="generated"/><div xmlns="http://www.w3.org/1999/xhtml"><p><b>BwTest Patient </b> (no stated gender) 1988-03-02 ( PPN: &lt;PassportNumber&gt;)</p></div>
  </text>
  <identifier>
    <type>
      <coding>
        <code value="PPN"/>
      </coding>
    </type>
    <system value="urn:ietf:rfc:3986"/>
    <value value="&lt;PassportNumber&gt;"/>
  </identifier>
  <name>
    <family value="Patient"/>
    <given value="BwTest"/>
  </name>
  <gender value="female"/>
  <birthDate value="1988-03-02"/>
</Patient>