<?xml version="1.0" encoding="UTF-8"?>

<Patient xmlns="http://hl7.org/fhir">
  <id value="example-pims-patient"/>
  <meta>
    <profile value="http://b-techbw.github.io/bw-lab-ig/StructureDefinition/bw-patient"/>
  </meta>
  <text>
    <status value="generated"/><div xmlns="http://www.w3.org/1999/xhtml"><p><b>Test PimsPatient (OFFICIAL)</b> (no stated gender) 1988-03-02 ( id: &lt;OmangNumber&gt; (OFFICIAL))</p></div>
  </text>
  <identifier>
    <type>
      <coding>
        <code value="MR"/>
      </coding>
    </type>
    <system value="urn:ietf:rfc:3986"/>
    <value value="urn:uuid:&lt;Pims-specific Patient ID&gt;"/>
  </identifier>
  <identifier>
    <use value="official"/>
    <system value="http://moh.bw.org/ext/identifier/omang"/>
    <value value="&lt;OmangNumber&gt;"/>
  </identifier>
  <name>
    <use value="official"/>
    <family value="PimsPatient"/>
    <given value="Test"/>
  </name>
  <gender value="female"/>
  <birthDate value="1988-03-02"/>
  <managingOrganization>
    <reference value="Organization/example-facility-order-creator"/>
  </managingOrganization>
</Patient>