<?xml version="1.0" encoding="UTF-8"?>

<Task xmlns="http://hl7.org/fhir">
  <id value="example-bw-task-requested"/>
  <meta>
    <profile value="http://simplifier.net/ISiK/StructureDefinition/bw-lab-task"/>
  </meta>
  <text>
    <status value="generated"/><div xmlns="http://www.w3.org/1999/xhtml"><p><b>Generated Narrative</b></p><div style="display: inline-block; background-color: #d9e0e7; padding: 6px; margin: 4px; border: 1px solid #8da1b4; border-radius: 5px; line-height: 60%"><p style="margin-bottom: 0px">Resource "example-bw-task-requested" </p><p style="margin-bottom: 0px">Profile: <a href="StructureDefinition-bw-lab-task.html">Botswana Lab Task Resource</a></p></div><p><b>identifier</b>: id: PimsSpecificLabOrderID</p><p><b>basedOn</b>: </p><ul><li><a href="ServiceRequest-example-bw-pims-service-request-1.html">ServiceRequest/example-bw-pims-service-request-1</a></li><li><a href="ServiceRequest-example-bw-pims-service-request-2.html">ServiceRequest/example-bw-pims-service-request-2</a></li></ul><p><b>status</b>: requested</p><p><b>intent</b>: order</p><p><b>for</b>: <a href="Patient-example-pims-patient.html">Patient/example-pims-patient</a> " PIMSPATIENT"</p><p><b>authoredOn</b>: 2021-05-20</p><p><b>owner</b>: <a href="Organization-example-facility-order-reciever.html">Organization/example-facility-order-reciever</a></p><p><b>location</b>: <a href="Location-example-location-order-creator.html">Location/example-location-order-creator</a></p></div>
  </text>
  <identifier>
    <system value="http://&lt;pims-instance-specific-url&gt;/ext/lab-task/identifier"/>
    <value value="PimsSpecificLabOrderID"/>
  </identifier>
  <basedOn>
    <reference value="ServiceRequest/example-bw-pims-service-request-1"/>
  </basedOn>
  <basedOn>
    <reference value="ServiceRequest/example-bw-pims-service-request-2"/>
  </basedOn>
  <status value="requested"/>
  <intent value="order"/>
  <for>
    <reference value="Patient/example-pims-patient"/>
  </for>
  <authoredOn value="2021-05-20"/>
  <owner>
    <reference value="Organization/example-facility-order-reciever"/>
  </owner>
  <location>
    <reference value="Location/example-location-order-creator"/>
  </location>
</Task>