<?xml version="1.0" encoding="UTF-8"?>

<ValueSet xmlns="http://hl7.org/fhir">
  <id value="bw-pims-lab-order-status-vs"/>
  <text>
    <status value="generated"/><div xmlns="http://www.w3.org/1999/xhtml"><ul><li>Include all codes defined in <a href="CodeSystem-bw-pims-lab-order-status-cs.html"><code>http://simplifier.net/ISiK/CodeSystem/bw-pims-lab-order-status-cs</code></a></li></ul></div>
  </text>
  <url value="http://simplifier.net/ISiK/ValueSet/bw-pims-lab-order-status-vs"/>
  <version value="0.2.0"/>
  <name value="BwPimsLabOrderStatusVS"/>
  <title value="Status Values for PIMS Lab Orders"/>
  <status value="active"/>
  <date value="2022-02-23T12:18:43+00:00"/>
  <publisher value="gematik"/>
  <contact>
    <name value="gematik"/>
    <telecom>
      <system value="url"/>
      <value value="www.gematik.de"/>
    </telecom>
    <telecom>
      <system value="email"/>
      <value value="isik@gematik.de"/>
    </telecom>
  </contact>
  <compose>
    <include>
      <system value="http://simplifier.net/ISiK/CodeSystem/bw-pims-lab-order-status-cs"/>
    </include>
  </compose>
</ValueSet>