<?xml version="1.0" encoding="UTF-8"?><ValueSet xmlns="http://hl7.org/fhir"><id value="bw-ipms-facility-code-vs"/><text><status value="generated"/><div xmlns="http://www.w3.org/1999/xhtml"><ul><li>Include all codes defined in <a href="CodeSystem-bw-ipms-facility-code-cs.html"><code>http://simplifier.net/ISiK/CodeSystem/bw-ipms-facility-code-cs</code></a></li></ul></div></text><url value="http://simplifier.net/ISiK/ValueSet/bw-ipms-facility-code-vs"/><version value="0.2.0"/><name value="BwIpmsFacilityCodeVS"/><title value="IPMS Facility Code Valueset"/><status value="active"/><date value="2022-03-07T07:44:31+00:00"/><publisher value="gematik"/><contact><name value="gematik"/><telecom><system value="url"/><value value="www.gematik.de"/></telecom><telecom><system value="email"/><value value="isik@gematik.de"/></telecom></contact><description value="IPMS Facility Code Valueset"/><compose><include><system value="http://simplifier.net/ISiK/CodeSystem/bw-ipms-facility-code-cs"/></include></compose></ValueSet>