{
  "package": "ISiK.Basismodul",
  "version": "0.2.0",
  "fhirVersion": "4.0.1",
  "extensions": [],
  "profiles": {
    "Practitioner": [
      {
        "url": "http://simplifier.net/ISiK/StructureDefinition/bw-practitioner",
        "title": "Botswana Practitioner"
      }
    ]
  },
  "usage": {
    "http://hl7.org/fhir/StructureDefinition/elementdefinition-bestpractice": [
      "StructureDefinition.snapshot.element.constraint"
    ],
    "http://hl7.org/fhir/StructureDefinition/elementdefinition-bestpractice-explanation": [
      "StructureDefinition.snapshot.element.constraint"
    ],
    "http://hl7.org/fhir/StructureDefinition/elementdefinition-bindingName": [
      "StructureDefinition.snapshot.element.binding"
    ],
    "http://hl7.org/fhir/StructureDefinition/elementdefinition-isCommonBinding": [
      "StructureDefinition.snapshot.element.binding"
    ],
    "http://hl7.org/fhir/StructureDefinition/elementdefinition-maxValueSet": [
      "StructureDefinition.snapshot.element.binding"
    ],
    "http://hl7.org/fhir/StructureDefinition/structuredefinition-fhir-type": [
      "StructureDefinition.snapshot.element.type"
    ],
    "http://hl7.org/fhir/tools/StructureDefinition/ig-parameter": [
      "ImplementationGuide.definition"
    ],
    "http://hl7.org/fhir/tools/StructureDefinition/resource-information": [
      "ImplementationGuide.definition.resource"
    ]
  }
}