{"resourceType":"ConceptMap","id":"BwLabPimsOrderStatusDiagnosticReportCM","text":{"status":"extensions","div":"<div xmlns=\"http://www.w3.org/1999/xhtml\"><h2>BwLabPimsOrderStatusDiagnosticReportCM (http://simplifier.net/ISiK/ConceptMap/BwLabPimsOrderStatusDiagnosticReportCM)</h2><p>Mapping from <a href=\"ValueSet-bw-pims-lab-order-status-vs.html\">http://simplifier.net/ISiK/ValueSet/bw-pims-lab-order-status-vs</a> to <a href=\"http://hl7.org/fhir/R4/valueset-diagnostic-report-status.html\">http://hl7.org/fhir/ValueSet/diagnostic-report-status</a></p><p>DRAFT (not intended for production usage). Published on 2022-02-23 12:12:15+0000 by gematik (gematik: <a href=\"www.gematik.de\">www.gematik.de</a>, <a href=\"mailto:isik@gematik.de\">isik@gematik.de</a>). </p><br/><table class=\"grid\"><tr><td><b>Source Code</b></td><td><b>Relationship</b></td><td><b>Destination Code</b></td></tr><tr><td colspan=\"3\">Mapping from <a href=\"ValueSet-bw-pims-lab-order-status-vs.html\">Status Values for PIMS Lab Orders</a> to <a href=\"http://hl7.org/fhir/R4/valueset-diagnostic-report-status.html\">DiagnosticReportStatus</a></td></tr><tr><td>ordered</td><td><a href=\"http://hl7.org/fhir/R4/codesystem-concept-map-equivalence.html#equal\">is equal to</a></td><td>unknown</td></tr><tr><td>fully-drawn</td><td><a href=\"http://hl7.org/fhir/R4/codesystem-concept-map-equivalence.html#equal\">is equal to</a></td><td>unknown</td></tr><tr><td>partially-resulted</td><td><a href=\"http://hl7.org/fhir/R4/codesystem-concept-map-equivalence.html#equal\">is equal to</a></td><td>partial</td></tr><tr><td>cancelled</td><td><a href=\"http://hl7.org/fhir/R4/codesystem-concept-map-equivalence.html#equal\">is equal to</a></td><td>cancelled</td></tr><tr><td>partially-drawn</td><td><a href=\"http://hl7.org/fhir/R4/codesystem-concept-map-equivalence.html#equal\">is equal to</a></td><td>unknown</td></tr></table></div>"},"url":"http://simplifier.net/ISiK/ConceptMap/BwLabPimsOrderStatusDiagnosticReportCM","version":"0.2.0","name":"BwLabPimsOrderStatusDiagnosticReportCM","status":"draft","experimental":true,"date":"2022-02-23T12:12:15+00:00","publisher":"gematik","contact":[{"name":"gematik","telecom":[{"system":"url","value":"www.gematik.de"},{"system":"email","value":"isik@gematik.de"}]}],"jurisdiction":[{"coding":[{"system":"http://unstats.un.org/unsd/methods/m49/m49.htm","code":"072"}]},{"coding":[{"system":"urn:iso:std:iso:3166","code":"BW"}]}],"sourceCanonical":"http://simplifier.net/ISiK/ValueSet/bw-pims-lab-order-status-vs","targetUri":"http://hl7.org/fhir/ValueSet/diagnostic-report-status","group":[{"source":"http://simplifier.net/ISiK/ValueSet/bw-pims-lab-order-status-vs","target":"http://hl7.org/fhir/ValueSet/diagnostic-report-status","element":[{"code":"ordered","target":[{"code":"unknown","equivalence":"equal"}]},{"code":"fully-drawn","target":[{"code":"unknown","equivalence":"equal"}]},{"code":"partially-resulted","target":[{"code":"partial","equivalence":"equal"}]},{"code":"cancelled","target":[{"code":"cancelled","equivalence":"equal"}]},{"code":"partially-drawn","target":[{"code":"unknown","equivalence":"equal"}]}]}]}