{"resourceType":"ConceptMap","id":"BwLabPimsOrderStatusRequestCM","text":{"status":"extensions","div":"<div xmlns=\"http://www.w3.org/1999/xhtml\"><h2>BwLabPimsOrderStatusRequestCM (http://simplifier.net/ISiK/ConceptMap/BwLabPimsOrderStatusRequestCM)</h2><p>Mapping from <a href=\"ValueSet-bw-pims-lab-order-status-vs.html\">http://simplifier.net/ISiK/ValueSet/bw-pims-lab-order-status-vs</a> to <a href=\"http://hl7.org/fhir/R4/valueset-request-status.html\">http://hl7.org/fhir/ValueSet/request-status</a></p><p>DRAFT (not intended for production usage). Published on 2022-02-23 12:05:26+0000 by B-TECHBW (B-TECHBW: <a href=\"www.github.com/b-techbw\">www.github.com/b-techbw</a>, <a href=\"mailto:pmanko@uw.edu\">pmanko@uw.edu</a>). </p><br/><table class=\"grid\"><tr><td><b>Source Code</b></td><td><b>Relationship</b></td><td><b>Destination Code</b></td></tr><tr><td colspan=\"3\">Mapping from <a href=\"ValueSet-bw-pims-lab-order-status-vs.html\">Status Values for PIMS Lab Orders</a> to <a href=\"http://hl7.org/fhir/R4/valueset-request-status.html\">RequestStatus</a></td></tr><tr><td>ordered</td><td><a href=\"http://hl7.org/fhir/R4/codesystem-concept-map-equivalence.html#equal\">is equal to</a></td><td>active</td></tr><tr><td>fully-drawn</td><td><a href=\"http://hl7.org/fhir/R4/codesystem-concept-map-equivalence.html#equal\">is equal to</a></td><td>active</td></tr><tr><td>partially-resulted</td><td><a href=\"http://hl7.org/fhir/R4/codesystem-concept-map-equivalence.html#equal\">is equal to</a></td><td>active</td></tr><tr><td>cancelled</td><td><a href=\"http://hl7.org/fhir/R4/codesystem-concept-map-equivalence.html#equal\">is equal to</a></td><td>revoked</td></tr><tr><td>partially-drawn</td><td><a href=\"http://hl7.org/fhir/R4/codesystem-concept-map-equivalence.html#equal\">is equal to</a></td><td>active</td></tr></table></div>"},"url":"http://simplifier.net/ISiK/ConceptMap/BwLabPimsOrderStatusRequestCM","version":"0.2.0","name":"BwLabPimsOrderStatusRequestCM","status":"draft","experimental":true,"date":"2022-02-23T12:05:26+00:00","publisher":"B-TECHBW","contact":[{"name":"B-TECHBW","telecom":[{"system":"url","value":"www.github.com/b-techbw"},{"system":"email","value":"pmanko@uw.edu"}]}],"jurisdiction":[{"coding":[{"system":"http://unstats.un.org/unsd/methods/m49/m49.htm","code":"072"}]},{"coding":[{"system":"urn:iso:std:iso:3166","code":"BW"}]}],"sourceCanonical":"http://simplifier.net/ISiK/ValueSet/bw-pims-lab-order-status-vs","targetUri":"http://hl7.org/fhir/ValueSet/request-status","group":[{"source":"http://simplifier.net/ISiK/ValueSet/bw-pims-lab-order-status-vs","target":"http://hl7.org/fhir/ValueSet/request-status","element":[{"code":"ordered","target":[{"code":"active","equivalence":"equal"}]},{"code":"fully-drawn","target":[{"code":"active","equivalence":"equal"}]},{"code":"partially-resulted","target":[{"code":"active","equivalence":"equal"}]},{"code":"cancelled","target":[{"code":"revoked","equivalence":"equal"}]},{"code":"partially-drawn","target":[{"code":"active","equivalence":"equal"}]}]}]}