{"resourceType":"ConceptMap","id":"BwLabPimsOrderStatusTaskCM","text":{"status":"extensions","div":"<div xmlns=\"http://www.w3.org/1999/xhtml\"><h2>BwLabPimsOrderStatusTaskCM (http://simplifier.net/ISiK/ConceptMap/BwLabPimsOrderStatusTaskCM)</h2><p>Mapping from <a href=\"ValueSet-bw-pims-lab-order-status-vs.html\">http://simplifier.net/ISiK/ValueSet/bw-pims-lab-order-status-vs</a> to <a href=\"http://hl7.org/fhir/R4/valueset-task-status.html\">http://hl7.org/fhir/ValueSet/task-status</a></p><p>DRAFT (not intended for production usage). Published on 2022-03-07 07:44:31+0000 by gematik (gematik: <a href=\"www.gematik.de\">www.gematik.de</a>, <a href=\"mailto:isik@gematik.de\">isik@gematik.de</a>). </p><br/><table class=\"grid\"><tr><td><b>Source Code</b></td><td><b>Relationship</b></td><td><b>Destination Code</b></td></tr><tr><td colspan=\"3\">Mapping from <a href=\"ValueSet-bw-pims-lab-order-status-vs.html\">Status Values for PIMS Lab Orders</a> to <a href=\"http://hl7.org/fhir/R4/valueset-task-status.html\">TaskStatus</a></td></tr><tr><td>ordered</td><td><a href=\"http://hl7.org/fhir/R4/codesystem-concept-map-equivalence.html#equal\">is equal to</a></td><td>requested</td></tr><tr><td>fully-drawn</td><td><a href=\"http://hl7.org/fhir/R4/codesystem-concept-map-equivalence.html#equal\">is equal to</a></td><td>in-progress</td></tr><tr><td>partially-resulted</td><td><a href=\"http://hl7.org/fhir/R4/codesystem-concept-map-equivalence.html#equal\">is equal to</a></td><td>in-progress</td></tr><tr><td>cancelled</td><td><a href=\"http://hl7.org/fhir/R4/codesystem-concept-map-equivalence.html#equal\">is equal to</a></td><td>cancelled</td></tr><tr><td>partially-drawn</td><td><a href=\"http://hl7.org/fhir/R4/codesystem-concept-map-equivalence.html#equal\">is equal to</a></td><td>in-progress</td></tr></table></div>"},"url":"http://simplifier.net/ISiK/ConceptMap/BwLabPimsOrderStatusTaskCM","version":"0.2.0","name":"BwLabPimsOrderStatusTaskCM","status":"draft","experimental":true,"date":"2022-03-07T07:44:31+00:00","publisher":"gematik","contact":[{"name":"gematik","telecom":[{"system":"url","value":"www.gematik.de"},{"system":"email","value":"isik@gematik.de"}]}],"sourceCanonical":"http://simplifier.net/ISiK/ValueSet/bw-pims-lab-order-status-vs","targetUri":"http://hl7.org/fhir/ValueSet/task-status","group":[{"source":"http://simplifier.net/ISiK/ValueSet/bw-pims-lab-order-status-vs","target":"http://hl7.org/fhir/ValueSet/task-status","element":[{"code":"ordered","target":[{"code":"requested","equivalence":"equal"}]},{"code":"fully-drawn","target":[{"code":"in-progress","equivalence":"equal"}]},{"code":"partially-resulted","target":[{"code":"in-progress","equivalence":"equal"}]},{"code":"cancelled","target":[{"code":"cancelled","equivalence":"equal"}]},{"code":"partially-drawn","target":[{"code":"in-progress","equivalence":"equal"}]}]}]}