{"resourceType":"ImplementationGuide","id":"fhir.bw.lab","text":{"status":"extensions","div":"<div xmlns=\"http://www.w3.org/1999/xhtml\"><h2>BwLabIG</h2><p>The official URL for this implementation guide is: </p><pre>http://b-techbw.github.io/bw-lab-ig/ImplementationGuide/fhir.bw.lab</pre><div><p>TODO</p>\n</div></div>"},"url":"http://b-techbw.github.io/bw-lab-ig/ImplementationGuide/fhir.bw.lab","version":"0.2.0","name":"BwLabIG","title":"Botswana Laboratory HIE Workflow Implementation Guide","status":"draft","experimental":true,"date":"2022-02-23T10:42:10+00:00","publisher":"B-TECHBW","contact":[{"name":"B-TECHBW","telecom":[{"system":"url","value":"www.github.com/b-techbw"},{"system":"email","value":"pmanko@uw.edu"}]}],"description":"TODO","jurisdiction":[{"coding":[{"system":"http://unstats.un.org/unsd/methods/m49/m49.htm","code":"072"}]},{"coding":[{"system":"urn:iso:std:iso:3166","code":"BW"}]}],"packageId":"fhir.bw.lab","license":"CC-BY-SA-4.0","fhirVersion":["4.0.1"],"dependsOn":[{"id":"hl7_fhir_uv_ips","uri":"http://hl7.org/fhir/uv/ips/ImplementationGuide/hl7.fhir.uv.ips","packageId":"hl7.fhir.uv.ips","version":"1.0.0"}],"definition":{"extension":[{"extension":[{"url":"code","valueString":"copyrightyear"},{"url":"value","valueString":"2021+"}],"url":"http://hl7.org/fhir/tools/StructureDefinition/ig-parameter"},{"extension":[{"url":"code","valueString":"releaselabel"},{"url":"value","valueString":"ci-build"}],"url":"http://hl7.org/fhir/tools/StructureDefinition/ig-parameter"},{"extension":[{"url":"code","valueString":"excludettl"},{"url":"value","valueString":"true"}],"url":"http://hl7.org/fhir/tools/StructureDefinition/ig-parameter"},{"extension":[{"url":"code","valueString":"autoload-resources"},{"url":"value","valueString":"true"}],"url":"http://hl7.org/fhir/tools/StructureDefinition/ig-parameter"},{"extension":[{"url":"code","valueString":"path-liquid"},{"url":"value","valueString":"template/liquid"}],"url":"http://hl7.org/fhir/tools/StructureDefinition/ig-parameter"},{"extension":[{"url":"code","valueString":"path-liquid"},{"url":"value","valueString":"input/liquid"}],"url":"http://hl7.org/fhir/tools/StructureDefinition/ig-parameter"},{"extension":[{"url":"code","valueString":"path-qa"},{"url":"value","valueString":"temp/qa"}],"url":"http://hl7.org/fhir/tools/StructureDefinition/ig-parameter"},{"extension":[{"url":"code","valueString":"path-temp"},{"url":"value","valueString":"temp/pages"}],"url":"http://hl7.org/fhir/tools/StructureDefinition/ig-parameter"},{"extension":[{"url":"code","valueString":"path-output"},{"url":"value","valueString":"output"}],"url":"http://hl7.org/fhir/tools/StructureDefinition/ig-parameter"},{"extension":[{"url":"code","valueString":"path-suppressed-warnings"},{"url":"value","valueString":"input/ignoreWarnings.txt"}],"url":"http://hl7.org/fhir/tools/StructureDefinition/ig-parameter"},{"extension":[{"url":"code","valueString":"path-history"},{"url":"value","valueString":"http://b-techbw.github.io/bw-lab-ig/history.html"}],"url":"http://hl7.org/fhir/tools/StructureDefinition/ig-parameter"},{"extension":[{"url":"code","valueString":"template-html"},{"url":"value","valueString":"template-page.html"}],"url":"http://hl7.org/fhir/tools/StructureDefinition/ig-parameter"},{"extension":[{"url":"code","valueString":"template-md"},{"url":"value","valueString":"template-page-md.html"}],"url":"http://hl7.org/fhir/tools/StructureDefinition/ig-parameter"},{"extension":[{"url":"code","valueString":"apply-contact"},{"url":"value","valueString":"true"}],"url":"http://hl7.org/fhir/tools/StructureDefinition/ig-parameter"},{"extension":[{"url":"code","valueString":"apply-context"},{"url":"value","valueString":"true"}],"url":"http://hl7.org/fhir/tools/StructureDefinition/ig-parameter"},{"extension":[{"url":"code","valueString":"apply-copyright"},{"url":"value","valueString":"true"}],"url":"http://hl7.org/fhir/tools/StructureDefinition/ig-parameter"},{"extension":[{"url":"code","valueString":"apply-jurisdiction"},{"url":"value","valueString":"true"}],"url":"http://hl7.org/fhir/tools/StructureDefinition/ig-parameter"},{"extension":[{"url":"code","valueString":"apply-license"},{"url":"value","valueString":"true"}],"url":"http://hl7.org/fhir/tools/StructureDefinition/ig-parameter"},{"extension":[{"url":"code","valueString":"apply-publisher"},{"url":"value","valueString":"true"}],"url":"http://hl7.org/fhir/tools/StructureDefinition/ig-parameter"},{"extension":[{"url":"code","valueString":"apply-version"},{"url":"value","valueString":"true"}],"url":"http://hl7.org/fhir/tools/StructureDefinition/ig-parameter"},{"extension":[{"url":"code","valueString":"active-tables"},{"url":"value","valueString":"true"}],"url":"http://hl7.org/fhir/tools/StructureDefinition/ig-parameter"},{"extension":[{"url":"code","valueString":"fmm-definition"},{"url":"value","valueString":"http://hl7.org/fhir/versions.html#maturity"}],"url":"http://hl7.org/fhir/tools/StructureDefinition/ig-parameter"},{"extension":[{"url":"code","valueString":"propagate-status"},{"url":"value","valueString":"true"}],"url":"http://hl7.org/fhir/tools/StructureDefinition/ig-parameter"}],"grouping":[{"id":"-str-logicalmodel","name":"Structures: Logical Models","description":"These define data models that represent the domain covered by this implementation guide in more business-friendly terms than the underlying FHIR resources."},{"id":"-str-profile","name":"Structures: Resource Profiles","description":"These define constraints on FHIR resources for systems conforming to this implementation guide"},{"id":"-str-datatype","name":"Structures: Data Type Profiles","description":"These define constraints on FHIR data types for systems conforming to this implementation guide"},{"id":"-term-valueset","name":"Terminology: Value Sets","description":"These define sets of codes used by systems conforming to this implementation guide"},{"id":"-term-codesystem","name":"Terminology: Code Systems","description":"These define new code systems used by systems conforming to this implementation guide"},{"id":"-map-conceptmap","name":"Terminology: Concept Maps","description":"These define transformations to convert between codes by systems conforming with this implementation guide"},{"id":"-ex-example","name":"Example: Example Instances","description":"These are example instances that show what data produced and consumed by systems conforming with this implementation guide might look like"}],"resource":[{"extension":[{"url":"http://hl7.org/fhir/StructureDefinition/implementationguide-page","valueUri":"StructureDefinition-birth-place-observation.html"}],"reference":{"reference":"StructureDefinition/birth-place-observation"},"name":"Birth Place","description":"Describes a Birth Place in the Omang System","exampleBoolean":false,"groupingId":"-str-profile"},{"extension":[{"url":"http://hl7.org/fhir/StructureDefinition/implementationguide-page","valueUri":"StructureDefinition-bw-encounter.html"}],"reference":{"reference":"StructureDefinition/bw-encounter"},"name":"Botswana Encounter (TODO)","description":"Encounter resource for clinical encounters in Botswana","exampleBoolean":false,"groupingId":"-str-profile"},{"extension":[{"url":"http://hl7.org/fhir/StructureDefinition/implementationguide-page","valueUri":"StructureDefinition-bw-lab-composition.html"}],"reference":{"reference":"StructureDefinition/bw-lab-composition"},"name":"Botswana Lab Order Composition","description":"This composition packages information needed to facilitate lab order communication between clinical systems in Botswana.","exampleBoolean":false,"groupingId":"-str-profile"},{"extension":[{"url":"http://hl7.org/fhir/StructureDefinition/implementationguide-page","valueUri":"StructureDefinition-bw-lab-diagnostic-report.html"}],"reference":{"reference":"StructureDefinition/bw-lab-diagnostic-report"},"name":"Botswana Lab Diagnostic Report","description":"DiagnosticReport resource that holds the results of a lab order","exampleBoolean":false,"groupingId":"-str-profile"},{"extension":[{"url":"http://hl7.org/fhir/StructureDefinition/implementationguide-page","valueUri":"StructureDefinition-bw-lab-observation.html"}],"reference":{"reference":"StructureDefinition/bw-lab-observation"},"name":"Botswana Lab Observation","description":"Observation resource that holds the result values a lab order in Botswana","exampleBoolean":false,"groupingId":"-str-profile"},{"extension":[{"url":"http://hl7.org/fhir/StructureDefinition/implementationguide-page","valueUri":"StructureDefinition-bw-lab-task.html"}],"reference":{"reference":"StructureDefinition/bw-lab-task"},"name":"Botswana Lab Task Resource","description":"A Task resource for tracking order state and synchronizing Lab Order communication in Botswana","exampleBoolean":false,"groupingId":"-str-profile"},{"extension":[{"url":"http://hl7.org/fhir/StructureDefinition/implementationguide-page","valueUri":"StructureDefinition-bw-national-identifier.html"}],"reference":{"reference":"StructureDefinition/bw-national-identifier"},"name":"Botswana National Identifier","description":"A national-level identifier for Botswana, usually either OMANG or a Passport number.","exampleBoolean":false,"groupingId":"-str-datatype"},{"extension":[{"url":"http://hl7.org/fhir/StructureDefinition/implementationguide-page","valueUri":"StructureDefinition-bw-patient.html"}],"reference":{"reference":"StructureDefinition/bw-patient"},"name":"Botswana Patient","description":"A patient in a Botswana Health System","exampleBoolean":false,"groupingId":"-str-profile"},{"extension":[{"url":"http://hl7.org/fhir/StructureDefinition/implementationguide-page","valueUri":"StructureDefinition-bw-pims-lab-profile-service-request.html"}],"reference":{"reference":"StructureDefinition/bw-pims-lab-profile-service-request"},"name":"PIMS Lab Profile Service Request","description":"A service request representing a PIMS lab profile as part of a PIMS lab order.","exampleBoolean":false,"groupingId":"-str-profile"},{"extension":[{"url":"http://hl7.org/fhir/StructureDefinition/implementationguide-page","valueUri":"StructureDefinition-bw-pims-lab-test-service-request.html"}],"reference":{"reference":"StructureDefinition/bw-pims-lab-test-service-request"},"name":"PIMS Lab Test Service Request","description":"A service request representing a PIMS lab test as part of a PIMS lab order.","exampleBoolean":false,"groupingId":"-str-profile"},{"extension":[{"url":"http://hl7.org/fhir/StructureDefinition/implementationguide-page","valueUri":"StructureDefinition-bw-practitioner.html"}],"reference":{"reference":"StructureDefinition/bw-practitioner"},"name":"Botswana Practitioner","description":"A practitioner in a Botswana Health System","exampleBoolean":false,"groupingId":"-str-profile"},{"extension":[{"url":"http://hl7.org/fhir/StructureDefinition/implementationguide-page","valueUri":"StructureDefinition-bw-basic-service-request.html"}],"reference":{"reference":"StructureDefinition/bw-basic-service-request"},"name":"Basic Botswana Lab Service Request","description":"A service request a lab order for for a given patient.","exampleBoolean":false,"groupingId":"-str-profile"},{"extension":[{"url":"http://hl7.org/fhir/StructureDefinition/implementationguide-page","valueUri":"StructureDefinition-death-certificate-observation.html"}],"reference":{"reference":"StructureDefinition/death-certificate-observation"},"name":"Death Certificate","description":"Death Certificate in the Omang System","exampleBoolean":false,"groupingId":"-str-profile"},{"extension":[{"url":"http://hl7.org/fhir/StructureDefinition/implementationguide-page","valueUri":"StructureDefinition-omang-patient.html"}],"reference":{"reference":"StructureDefinition/omang-patient"},"name":"Omang System Patient","description":"A patient in the Omang system","exampleBoolean":false,"groupingId":"-str-profile"},{"extension":[{"url":"http://hl7.org/fhir/StructureDefinition/implementationguide-page","valueUri":"StructureDefinition-pims-patient.html"}],"reference":{"reference":"StructureDefinition/pims-patient"},"name":"PIMS Patient","description":"A patient in a PIMS instance","exampleBoolean":false,"groupingId":"-str-profile"},{"extension":[{"url":"http://hl7.org/fhir/StructureDefinition/implementationguide-page","valueUri":"ValueSet-bw-ipms-facility-code-vs.html"}],"reference":{"reference":"ValueSet/bw-ipms-facility-code-vs"},"name":"IPMS Facility Code Valueset","description":"IPMS Facility Code Valueset","exampleBoolean":false,"groupingId":"-term-valueset"},{"extension":[{"url":"http://hl7.org/fhir/StructureDefinition/implementationguide-page","valueUri":"ValueSet-bw-lab-diagnostic-report-status-vs.html"}],"reference":{"reference":"ValueSet/bw-lab-diagnostic-report-status-vs"},"name":"Botswana Diagnostic Report Status Flag","description":"The status of the diagnostic report, subset from https://www.hl7.org/fhir/valueset-diagnostic-report-status.html","exampleBoolean":false,"groupingId":"-term-valueset"},{"extension":[{"url":"http://hl7.org/fhir/StructureDefinition/implementationguide-page","valueUri":"ValueSet-bw-lab-order-code-vs.html"}],"reference":{"reference":"ValueSet/bw-lab-order-code-vs"},"name":"Botswana Lab Order Code","description":"The code for the lab order.","exampleBoolean":false,"groupingId":"-term-valueset"},{"extension":[{"url":"http://hl7.org/fhir/StructureDefinition/implementationguide-page","valueUri":"ValueSet-bw-lab-task-intent-vs.html"}],"reference":{"reference":"ValueSet/bw-lab-task-intent-vs"},"name":"Botswana Intent for Lab Task","description":"The intent of the task, subset from https://www.hl7.org/FHIR/valueset-task-intent.html","exampleBoolean":false,"groupingId":"-term-valueset"},{"extension":[{"url":"http://hl7.org/fhir/StructureDefinition/implementationguide-page","valueUri":"ValueSet-bw-lab-task-status-vs.html"}],"reference":{"reference":"ValueSet/bw-lab-task-status-vs"},"name":"Botswana Status for Lab Task","description":"The status of the task, subset from https://www.hl7.org/FHIR/valueset-task-status.html","exampleBoolean":false,"groupingId":"-term-valueset"},{"extension":[{"url":"http://hl7.org/fhir/StructureDefinition/implementationguide-page","valueUri":"ValueSet-bw-mfl-facility-code-vs.html"}],"reference":{"reference":"ValueSet/bw-mfl-facility-code-vs"},"name":"MFL Facility Code Valueset","description":"MFL Facility Code Valueset","exampleBoolean":false,"groupingId":"-term-valueset"},{"extension":[{"url":"http://hl7.org/fhir/StructureDefinition/implementationguide-page","valueUri":"ValueSet-bw-pims-lab-class-vs.html"}],"reference":{"reference":"ValueSet/bw-pims-lab-class-vs"},"name":"Status Values for PIMS Lab Orders","exampleBoolean":false,"groupingId":"-term-valueset"},{"extension":[{"url":"http://hl7.org/fhir/StructureDefinition/implementationguide-page","valueUri":"ValueSet-bw-pims-lab-order-status-vs.html"}],"reference":{"reference":"ValueSet/bw-pims-lab-order-status-vs"},"name":"Status Values for PIMS Lab Orders","exampleBoolean":false,"groupingId":"-term-valueset"},{"extension":[{"url":"http://hl7.org/fhir/StructureDefinition/implementationguide-page","valueUri":"ValueSet-bw-pims-lab-test-vs.html"}],"reference":{"reference":"ValueSet/bw-pims-lab-test-vs"},"name":"PIMS Lab Test Codes","description":"PIMS Lab Test Codes","exampleBoolean":false,"groupingId":"-term-valueset"},{"extension":[{"url":"http://hl7.org/fhir/StructureDefinition/implementationguide-page","valueUri":"CodeSystem-bw-ipms-facility-code-cs.html"}],"reference":{"reference":"CodeSystem/bw-ipms-facility-code-cs"},"name":"IPMS Facility Codes","description":"IPMS Facility Codes","exampleBoolean":false,"groupingId":"-term-codesystem"},{"extension":[{"url":"http://hl7.org/fhir/StructureDefinition/implementationguide-page","valueUri":"CodeSystem-bw-mfl-facility-code-cs.html"}],"reference":{"reference":"CodeSystem/bw-mfl-facility-code-cs"},"name":"BW MFL Facility Codes","description":"BW MFLFacility Codes","exampleBoolean":false,"groupingId":"-term-codesystem"},{"extension":[{"url":"http://hl7.org/fhir/StructureDefinition/implementationguide-page","valueUri":"CodeSystem-bw-pims-lab-class-cs.html"}],"reference":{"reference":"CodeSystem/bw-pims-lab-class-cs"},"name":"PIMS Lab Class Code System","description":"PIMS Lab Class Code System","exampleBoolean":false,"groupingId":"-term-codesystem"},{"extension":[{"url":"http://hl7.org/fhir/StructureDefinition/implementationguide-page","valueUri":"CodeSystem-bw-pims-lab-order-status-cs.html"}],"reference":{"reference":"CodeSystem/bw-pims-lab-order-status-cs"},"name":"PIMS Lab Order Status Code System","description":"PIMS Lab Order Status Code System","exampleBoolean":false,"groupingId":"-term-codesystem"},{"extension":[{"url":"http://hl7.org/fhir/StructureDefinition/implementationguide-page","valueUri":"CodeSystem-bw-pims-lab-test-cs.html"}],"reference":{"reference":"CodeSystem/bw-pims-lab-test-cs"},"name":"PIMS Lab Test Code System","description":"PIMS Lab Test Code System","exampleBoolean":false,"groupingId":"-term-codesystem"},{"extension":[{"url":"http://hl7.org/fhir/StructureDefinition/implementationguide-page","valueUri":"ConceptMap-BwIpmsFacilityCodeMap.html"}],"reference":{"reference":"ConceptMap/BwIpmsFacilityCodeMap"},"name":"IPMS Facility Code Mappings","description":"Mapping between IPMS facility codes and BW MFL codes","exampleBoolean":false,"groupingId":"-map-conceptmap"},{"extension":[{"url":"http://hl7.org/fhir/StructureDefinition/implementationguide-page","valueUri":"StructureDefinition-BwLabDataDictionary.html"}],"reference":{"reference":"StructureDefinition/BwLabDataDictionary"},"name":"Botswana Lab Data Dictionary","description":"Botswana Laboratory Data Dictionary - Logical Model","exampleBoolean":false,"groupingId":"-str-logicalmodel"},{"extension":[{"url":"http://hl7.org/fhir/StructureDefinition/implementationguide-page","valueUri":"ConceptMap-BwLabPimsOrderStatusDiagnosticReportCM.html"}],"reference":{"reference":"ConceptMap/BwLabPimsOrderStatusDiagnosticReportCM"},"name":"PIMS Lab Order Diagnostic Report Status Mapping","description":"Mapping PIMS Lab Order Status to standard DiagnosticReport status value set.","exampleBoolean":false,"groupingId":"-map-conceptmap"},{"extension":[{"url":"http://hl7.org/fhir/StructureDefinition/implementationguide-page","valueUri":"ConceptMap-BwLabPimsOrderStatusRequestCM.html"}],"reference":{"reference":"ConceptMap/BwLabPimsOrderStatusRequestCM"},"name":"PIMS Lab Order Service Request Status Mapping","description":"Mapping PIMS Lab Order Status to standard ServiceRequest status value set.","exampleBoolean":false,"groupingId":"-map-conceptmap"},{"extension":[{"url":"http://hl7.org/fhir/StructureDefinition/implementationguide-page","valueUri":"ConceptMap-BwLabPimsOrderStatusTaskCM.html"}],"reference":{"reference":"ConceptMap/BwLabPimsOrderStatusTaskCM"},"name":"PIMS Lab Order Status Task Mapping","description":"Mapping PIMS Lab Order Status to standard Task status value set.","exampleBoolean":false,"groupingId":"-map-conceptmap"},{"extension":[{"url":"http://hl7.org/fhir/StructureDefinition/implementationguide-page","valueUri":"ConceptMap-BwPimsLabTestLoincCM.html"}],"reference":{"reference":"ConceptMap/BwPimsLabTestLoincCM"},"name":"PIMS tblkLabTest <-> LOINC","description":"Mapping PIMS Lab Test Codes to LOINC.","exampleBoolean":false,"groupingId":"-map-conceptmap"},{"extension":[{"url":"http://hl7.org/fhir/StructureDefinition/implementationguide-page","valueUri":"Observation-example-birth-place.html"}],"reference":{"reference":"Observation/example-birth-place"},"name":"Birth Place","description":"Birth Place for Patient","exampleCanonical":"http://b-techbw.github.io/bw-lab-ig/StructureDefinition/birth-place-observation","groupingId":"-ex-example"},{"extension":[{"url":"http://hl7.org/fhir/StructureDefinition/implementationguide-page","valueUri":"DiagnosticReport-example-bw-ipms-diagnostic-report.html"}],"reference":{"reference":"DiagnosticReport/example-bw-ipms-diagnostic-report"},"name":"Laboratory DiagnosticReport","description":"Example Laboratory DiagnosticReport","exampleCanonical":"http://b-techbw.github.io/bw-lab-ig/StructureDefinition/bw-lab-diagnostic-report","groupingId":"-ex-example"},{"extension":[{"url":"http://hl7.org/fhir/StructureDefinition/implementationguide-page","valueUri":"Observation-example-bw-ipms-obs-1.html"}],"reference":{"reference":"Observation/example-bw-ipms-obs-1"},"name":"IPMS Observation #1","description":"Example IPMS Observation","exampleCanonical":"http://b-techbw.github.io/bw-lab-ig/StructureDefinition/bw-lab-observation","groupingId":"-ex-example"},{"extension":[{"url":"http://hl7.org/fhir/StructureDefinition/implementationguide-page","valueUri":"Observation-example-bw-ipms-obs-2.html"}],"reference":{"reference":"Observation/example-bw-ipms-obs-2"},"name":"IPMS Observation #2","description":"Example IPMS Observation","exampleCanonical":"http://b-techbw.github.io/bw-lab-ig/StructureDefinition/bw-lab-observation","groupingId":"-ex-example"},{"extension":[{"url":"http://hl7.org/fhir/StructureDefinition/implementationguide-page","valueUri":"ServiceRequest-example-bw-ipms-service-request.html"}],"reference":{"reference":"ServiceRequest/example-bw-ipms-service-request"},"name":"BW PIMS ServiceRequest 2","description":"Example ServiceRequest resource representing a IPMS Lab Order","exampleCanonical":"http://b-techbw.github.io/bw-lab-ig/StructureDefinition/bw-basic-service-request","groupingId":"-ex-example"},{"extension":[{"url":"http://hl7.org/fhir/StructureDefinition/implementationguide-page","valueUri":"Bundle-example-bw-lab-bundle.html"}],"reference":{"reference":"Bundle/example-bw-lab-bundle"},"name":"BW Lab Bundle","description":"Composition Bundle containing Lab Order Information for the Botswana HIE","exampleCanonical":"http://b-techbw.github.io/bw-lab-ig/StructureDefinition/bw-lab-composition","groupingId":"-ex-example"},{"extension":[{"url":"http://hl7.org/fhir/StructureDefinition/implementationguide-page","valueUri":"Composition-example-bw-lab-composition.html"}],"reference":{"reference":"Composition/example-bw-lab-composition"},"name":"Example PIMS Lab Composition","description":"Example Lab Order Composition","exampleCanonical":"http://b-techbw.github.io/bw-lab-ig/StructureDefinition/bw-lab-composition","groupingId":"-ex-example"},{"extension":[{"url":"http://hl7.org/fhir/StructureDefinition/implementationguide-page","valueUri":"Bundle-example-bw-lab-results-bundle.html"}],"reference":{"reference":"Bundle/example-bw-lab-results-bundle"},"name":"Example IPMS Results Lab Bundle","description":"Example IPMS Results Lab Bundle translated from HL7 ORU message","exampleBoolean":true,"groupingId":"-ex-example"},{"extension":[{"url":"http://hl7.org/fhir/StructureDefinition/implementationguide-page","valueUri":"Practitioner-example-bw-pims-practitioner.html"}],"reference":{"reference":"Practitioner/example-bw-pims-practitioner"},"name":"BW PIMS Practitioner","description":"Example PIMS Practitioner","exampleCanonical":"http://b-techbw.github.io/bw-lab-ig/StructureDefinition/bw-practitioner","groupingId":"-ex-example"},{"extension":[{"url":"http://hl7.org/fhir/StructureDefinition/implementationguide-page","valueUri":"ServiceRequest-example-bw-pims-service-request-1.html"}],"reference":{"reference":"ServiceRequest/example-bw-pims-service-request-1"},"name":"BW PIMS ServiceRequest 1","description":"Example ServiceRequest resource representing a PIMS Lab Order","exampleCanonical":"http://b-techbw.github.io/bw-lab-ig/StructureDefinition/bw-basic-service-request","groupingId":"-ex-example"},{"extension":[{"url":"http://hl7.org/fhir/StructureDefinition/implementationguide-page","valueUri":"ServiceRequest-example-bw-pims-service-request-2.html"}],"reference":{"reference":"ServiceRequest/example-bw-pims-service-request-2"},"name":"BW PIMS ServiceRequest 2","description":"Example ServiceRequest resource representing a PIMS Lab Order","exampleCanonical":"http://b-techbw.github.io/bw-lab-ig/StructureDefinition/bw-basic-service-request","groupingId":"-ex-example"},{"extension":[{"url":"http://hl7.org/fhir/StructureDefinition/implementationguide-page","valueUri":"ServiceRequest-example-bw-pims-service-request-profile.html"}],"reference":{"reference":"ServiceRequest/example-bw-pims-service-request-profile"},"name":"BW PIMS ServiceRequest Profile","description":"Example ServiceRequest resource representing a PIMS Profile","exampleCanonical":"http://b-techbw.github.io/bw-lab-ig/StructureDefinition/bw-basic-service-request","groupingId":"-ex-example"},{"extension":[{"url":"http://hl7.org/fhir/StructureDefinition/implementationguide-page","valueUri":"Task-example-bw-task-requested.html"}],"reference":{"reference":"Task/example-bw-task-requested"},"name":"BW Requested Lab Task","description":"Example Task for Requested Lab Orders and Results in Botswana","exampleCanonical":"http://b-techbw.github.io/bw-lab-ig/StructureDefinition/bw-lab-task","groupingId":"-ex-example"},{"extension":[{"url":"http://hl7.org/fhir/StructureDefinition/implementationguide-page","valueUri":"Observation-example-death-cert.html"}],"reference":{"reference":"Observation/example-death-cert"},"name":"Death Certificate","description":"Death Certificate Information for Patient","exampleCanonical":"http://b-techbw.github.io/bw-lab-ig/StructureDefinition/death-certificate-observation","groupingId":"-ex-example"},{"extension":[{"url":"http://hl7.org/fhir/StructureDefinition/implementationguide-page","valueUri":"Organization-example-facility-order-creator.html"}],"reference":{"reference":"Organization/example-facility-order-creator"},"name":"PIMS Facility","description":"Example PIMS Facility","exampleBoolean":true,"groupingId":"-ex-example"},{"extension":[{"url":"http://hl7.org/fhir/StructureDefinition/implementationguide-page","valueUri":"Organization-example-facility-order-reciever.html"}],"reference":{"reference":"Organization/example-facility-order-reciever"},"name":"IPMS Facility","description":"Example IPMS Facility","exampleBoolean":true,"groupingId":"-ex-example"},{"extension":[{"url":"http://hl7.org/fhir/StructureDefinition/implementationguide-page","valueUri":"Patient-example-ipms-patient.html"}],"reference":{"reference":"Patient/example-ipms-patient"},"name":"IPMS Patient","description":"Example IPMS Patient","exampleCanonical":"http://b-techbw.github.io/bw-lab-ig/StructureDefinition/bw-patient","groupingId":"-ex-example"},{"extension":[{"url":"http://hl7.org/fhir/StructureDefinition/implementationguide-page","valueUri":"Location-example-location-order-creator.html"}],"reference":{"reference":"Location/example-location-order-creator"},"name":"PIMS Location","description":"Example PIMS Facility Location","exampleBoolean":true,"groupingId":"-ex-example"},{"extension":[{"url":"http://hl7.org/fhir/StructureDefinition/implementationguide-page","valueUri":"Location-example-location-order-reciever.html"}],"reference":{"reference":"Location/example-location-order-reciever"},"name":"IPMS Location","description":"Example IPMS Facility Location","exampleBoolean":true,"groupingId":"-ex-example"},{"extension":[{"url":"http://hl7.org/fhir/StructureDefinition/implementationguide-page","valueUri":"Patient-example-omang-patient.html"}],"reference":{"reference":"Patient/example-omang-patient"},"name":"Omang Patient","description":"Omang Patient","exampleCanonical":"http://b-techbw.github.io/bw-lab-ig/StructureDefinition/omang-patient","groupingId":"-ex-example"},{"extension":[{"url":"http://hl7.org/fhir/StructureDefinition/implementationguide-page","valueUri":"Patient-example-pims-patient.html"}],"reference":{"reference":"Patient/example-pims-patient"},"name":"PIMS Patient","description":"Example PIMS Patient","exampleCanonical":"http://b-techbw.github.io/bw-lab-ig/StructureDefinition/bw-patient","groupingId":"-ex-example"},{"extension":[{"url":"http://hl7.org/fhir/StructureDefinition/implementationguide-page","valueUri":"Patient-example-pims-patient-international.html"}],"reference":{"reference":"Patient/example-pims-patient-international"},"name":"BW Patient","description":"Example International Botswana Patient","exampleCanonical":"http://b-techbw.github.io/bw-lab-ig/StructureDefinition/bw-patient","groupingId":"-ex-example"}],"page":{"nameUrl":"toc.html","title":"Table of Contents","generation":"html","page":[{"nameUrl":"index.html","title":"Home","generation":"html"},{"nameUrl":"background.html","title":"Background","generation":"html"},{"nameUrl":"changes.html","title":"Changes","generation":"html"},{"nameUrl":"downloads.html","title":"Downloads","generation":"html"},{"nameUrl":"spec.html","title":"Spec","generation":"markdown"},{"nameUrl":"system_specification.html","title":"System Specification","generation":"markdown"},{"nameUrl":"use_cases.html","title":"Use Cases","generation":"markdown"},{"nameUrl":"artifacts.html","title":"Artifacts Summary","generation":"html","page":[{"nameUrl":"StructureDefinition-BwLabDataDictionary.html","title":"Botswana Lab Data Dictionary","generation":"generated"},{"nameUrl":"StructureDefinition-birth-place-observation.html","title":"Birth Place","generation":"generated"},{"nameUrl":"StructureDefinition-bw-encounter.html","title":"Botswana Encounter (TODO)","generation":"generated"},{"nameUrl":"StructureDefinition-bw-lab-composition.html","title":"Botswana Lab Order Composition","generation":"generated"},{"nameUrl":"StructureDefinition-bw-lab-diagnostic-report.html","title":"Botswana Lab Diagnostic Report","generation":"generated"},{"nameUrl":"StructureDefinition-bw-lab-observation.html","title":"Botswana Lab Observation","generation":"generated"},{"nameUrl":"StructureDefinition-bw-lab-task.html","title":"Botswana Lab Task Resource","generation":"generated"},{"nameUrl":"StructureDefinition-bw-patient.html","title":"Botswana Patient","generation":"generated"},{"nameUrl":"StructureDefinition-bw-pims-lab-profile-service-request.html","title":"PIMS Lab Profile Service Request","generation":"generated"},{"nameUrl":"StructureDefinition-bw-pims-lab-test-service-request.html","title":"PIMS Lab Test Service Request","generation":"generated"},{"nameUrl":"StructureDefinition-bw-practitioner.html","title":"Botswana Practitioner","generation":"generated"},{"nameUrl":"StructureDefinition-bw-basic-service-request.html","title":"Basic Botswana Lab Service Request","generation":"generated"},{"nameUrl":"StructureDefinition-death-certificate-observation.html","title":"Death Certificate","generation":"generated"},{"nameUrl":"StructureDefinition-omang-patient.html","title":"Omang System Patient","generation":"generated"},{"nameUrl":"StructureDefinition-pims-patient.html","title":"PIMS Patient","generation":"generated"},{"nameUrl":"StructureDefinition-bw-national-identifier.html","title":"Botswana National Identifier","generation":"generated"},{"nameUrl":"ValueSet-bw-ipms-facility-code-vs.html","title":"IPMS Facility Code Valueset","generation":"generated"},{"nameUrl":"ValueSet-bw-lab-diagnostic-report-status-vs.html","title":"Botswana Diagnostic Report Status Flag","generation":"generated"},{"nameUrl":"ValueSet-bw-lab-order-code-vs.html","title":"Botswana Lab Order Code","generation":"generated"},{"nameUrl":"ValueSet-bw-lab-task-intent-vs.html","title":"Botswana Intent for Lab Task","generation":"generated"},{"nameUrl":"ValueSet-bw-lab-task-status-vs.html","title":"Botswana Status for Lab Task","generation":"generated"},{"nameUrl":"ValueSet-bw-mfl-facility-code-vs.html","title":"MFL Facility Code Valueset","generation":"generated"},{"nameUrl":"ValueSet-bw-pims-lab-class-vs.html","title":"Status Values for PIMS Lab Orders","generation":"generated"},{"nameUrl":"ValueSet-bw-pims-lab-order-status-vs.html","title":"Status Values for PIMS Lab Orders","generation":"generated"},{"nameUrl":"ValueSet-bw-pims-lab-test-vs.html","title":"PIMS Lab Test Codes","generation":"generated"},{"nameUrl":"CodeSystem-bw-ipms-facility-code-cs.html","title":"IPMS Facility Codes","generation":"generated"},{"nameUrl":"CodeSystem-bw-mfl-facility-code-cs.html","title":"BW MFL Facility Codes","generation":"generated"},{"nameUrl":"CodeSystem-bw-pims-lab-class-cs.html","title":"PIMS Lab Class Code System","generation":"generated"},{"nameUrl":"CodeSystem-bw-pims-lab-order-status-cs.html","title":"PIMS Lab Order Status Code System","generation":"generated"},{"nameUrl":"CodeSystem-bw-pims-lab-test-cs.html","title":"PIMS Lab Test Code System","generation":"generated"},{"nameUrl":"ConceptMap-BwIpmsFacilityCodeMap.html","title":"IPMS Facility Code Mappings","generation":"generated"},{"nameUrl":"ConceptMap-BwLabPimsOrderStatusDiagnosticReportCM.html","title":"PIMS Lab Order Diagnostic Report Status Mapping","generation":"generated"},{"nameUrl":"ConceptMap-BwLabPimsOrderStatusRequestCM.html","title":"PIMS Lab Order Service Request Status Mapping","generation":"generated"},{"nameUrl":"ConceptMap-BwLabPimsOrderStatusTaskCM.html","title":"PIMS Lab Order Status Task Mapping","generation":"generated"},{"nameUrl":"ConceptMap-BwPimsLabTestLoincCM.html","title":"PIMS tblkLabTest <-> LOINC","generation":"generated"},{"nameUrl":"Observation-example-birth-place.html","title":"Birth Place","generation":"generated"},{"nameUrl":"DiagnosticReport-example-bw-ipms-diagnostic-report.html","title":"Laboratory DiagnosticReport","generation":"generated"},{"nameUrl":"Observation-example-bw-ipms-obs-1.html","title":"IPMS Observation #1","generation":"generated"},{"nameUrl":"Observation-example-bw-ipms-obs-2.html","title":"IPMS Observation #2","generation":"generated"},{"nameUrl":"ServiceRequest-example-bw-ipms-service-request.html","title":"BW PIMS ServiceRequest 2","generation":"generated"},{"nameUrl":"Bundle-example-bw-lab-bundle.html","title":"BW Lab Bundle","generation":"generated"},{"nameUrl":"Composition-example-bw-lab-composition.html","title":"Example PIMS Lab Composition","generation":"generated"},{"nameUrl":"Bundle-example-bw-lab-results-bundle.html","title":"Example IPMS Results Lab Bundle","generation":"generated"},{"nameUrl":"Practitioner-example-bw-pims-practitioner.html","title":"BW PIMS Practitioner","generation":"generated"},{"nameUrl":"ServiceRequest-example-bw-pims-service-request-1.html","title":"BW PIMS ServiceRequest 1","generation":"generated"},{"nameUrl":"ServiceRequest-example-bw-pims-service-request-2.html","title":"BW PIMS ServiceRequest 2","generation":"generated"},{"nameUrl":"ServiceRequest-example-bw-pims-service-request-profile.html","title":"BW PIMS ServiceRequest Profile","generation":"generated"},{"nameUrl":"Task-example-bw-task-requested.html","title":"BW Requested Lab Task","generation":"generated"},{"nameUrl":"Observation-example-death-cert.html","title":"Death Certificate","generation":"generated"},{"nameUrl":"Organization-example-facility-order-creator.html","title":"PIMS Facility","generation":"generated"},{"nameUrl":"Organization-example-facility-order-reciever.html","title":"IPMS Facility","generation":"generated"},{"nameUrl":"Patient-example-ipms-patient.html","title":"IPMS Patient","generation":"generated"},{"nameUrl":"Location-example-location-order-creator.html","title":"PIMS Location","generation":"generated"},{"nameUrl":"Location-example-location-order-reciever.html","title":"IPMS Location","generation":"generated"},{"nameUrl":"Patient-example-omang-patient.html","title":"Omang Patient","generation":"generated"},{"nameUrl":"Patient-example-pims-patient.html","title":"PIMS Patient","generation":"generated"},{"nameUrl":"Patient-example-pims-patient-international.html","title":"BW Patient","generation":"generated"}]}]},"parameter":[{"code":"path-resource","value":"input/capabilities"},{"code":"path-resource","value":"input/examples"},{"code":"path-resource","value":"input/extensions"},{"code":"path-resource","value":"input/models"},{"code":"path-resource","value":"input/operations"},{"code":"path-resource","value":"input/profiles"},{"code":"path-resource","value":"input/resources"},{"code":"path-resource","value":"input/vocabulary"},{"code":"path-resource","value":"input/maps"},{"code":"path-resource","value":"input/testing"},{"code":"path-resource","value":"input/history"},{"code":"path-resource","value":"fsh-generated/resources"},{"code":"path-pages","value":"template/config"},{"code":"path-pages","value":"input/images"},{"code":"path-tx-cache","value":"input-cache/txcache"}]}}