{"resourceType":"ValueSet","id":"bw-ipms-facility-code-vs","text":{"status":"generated","div":"<div xmlns=\"http://www.w3.org/1999/xhtml\"><ul><li>Include all codes defined in <a href=\"CodeSystem-bw-ipms-facility-code-cs.html\"><code>http://simplifier.net/ISiK/CodeSystem/bw-ipms-facility-code-cs</code></a></li></ul></div>"},"url":"http://simplifier.net/ISiK/ValueSet/bw-ipms-facility-code-vs","version":"0.2.0","name":"BwIpmsFacilityCodeVS","title":"IPMS Facility Code Valueset","status":"active","date":"2022-03-07T07:44:31+00:00","publisher":"gematik","contact":[{"name":"gematik","telecom":[{"system":"url","value":"www.gematik.de"},{"system":"email","value":"isik@gematik.de"}]}],"description":"IPMS Facility Code Valueset","compose":{"include":[{"system":"http://simplifier.net/ISiK/CodeSystem/bw-ipms-facility-code-cs"}]}}