{
  "resourceType": "Observation",
  "id": "example-death-cert",
  "meta": {
    "profile": [
      "http://b-techbw.github.io/bw-lab-ig/StructureDefinition/death-certificate-observation"
    ]
  },
  "text": {
    "status": "generated",
    "div": "<div xmlns=\"http://www.w3.org/1999/xhtml\"><p><b>Generated Narrative</b></p><div style=\"display: inline-block; background-color: #d9e0e7; padding: 6px; margin: 4px; border: 1px solid #8da1b4; border-radius: 5px; line-height: 60%\"><p style=\"margin-bottom: 0px\">Resource \"example-death-cert\" </p><p style=\"margin-bottom: 0px\">Profile: <a href=\"StructureDefinition-death-certificate-observation.html\">Death Certificate</a></p></div><p><b>status</b>: final</p><p><b>code</b>: Death certificate <span style=\"background: LightGoldenRodYellow; margin: 4px; border: 1px solid khaki\"> (<a href=\"https://loinc.org/\">LOINC</a>#64297-5)</span></p><p><b>subject</b>: <a href=\"Patient-example-omang-patient.html\">Patient/example-omang-patient</a> \" &lt;FIRST_NME&gt;\"</p><h3>Components</h3><table class=\"grid\"><tr><td>-</td><td><b>Code</b></td><td><b>Value[x]</b></td></tr><tr><td>*</td><td>Death certificate <span style=\"background: LightGoldenRodYellow; margin: 4px; border: 1px solid khaki\"> (<a href=\"https://loinc.org/\">LOINC</a>#64297-5)</span></td><td>&lt;DEATH_CERT_NO&gt;</td></tr></table></div>"
  },
  "status": "final",
  "code": {
    "coding": [
      {
        "system": "http://loinc.org",
        "code": "64297-5"
      }
    ]
  },
  "subject": {
    "reference": "Patient/example-omang-patient"
  },
  "component": [
    {
      "code": {
        "coding": [
          {
            "system": "http://loinc.org",
            "code": "64297-5"
          }
        ]
      },
      "valueString": "<DEATH_CERT_NO>"
    }
  ]
}