{
  "resourceType": "Organization",
  "id": "example-facility-order-creator",
  "text": {
    "status": "generated",
    "div": "<div xmlns=\"http://www.w3.org/1999/xhtml\"><p><b>Generated Narrative</b></p><div style=\"display: inline-block; background-color: #d9e0e7; padding: 6px; margin: 4px; border: 1px solid #8da1b4; border-radius: 5px; line-height: 60%\"><p style=\"margin-bottom: 0px\">Resource \"example-facility-order-creator\" </p></div><p><b>identifier</b>: id: &lt;pims-facility-code&gt;</p><p><b>active</b>: true</p><p><b>type</b>: prov <span style=\"background: LightGoldenRodYellow; margin: 4px; border: 1px solid khaki\"> (unknown#prov)</span>, Facility <span style=\"background: LightGoldenRodYellow; margin: 4px; border: 1px solid khaki\"> (ITI.mCSD#Facility)</span></p></div>"
  },
  "identifier": [
    {
      "system": "http://moh.bw.org/ext/mfl/facility-code",
      "value": "<pims-facility-code>"
    }
  ],
  "active": true,
  "type": [
    {
      "coding": [
        {
          "system": "urn:ietf:rfc:3986",
          "code": "prov"
        }
      ]
    },
    {
      "coding": [
        {
          "system": "https://github.com/ihe/ITI.mCSD",
          "code": "Facility"
        }
      ]
    }
  ]
}