{
  "resourceType": "Patient",
  "id": "example-pims-patient-international",
  "meta": {
    "profile": [
      "http://simplifier.net/ISiK/StructureDefinition/bw-patient"
    ]
  },
  "text": {
    "status": "generated",
    "div": "<div xmlns=\"http://www.w3.org/1999/xhtml\"><p><b>BwTest Patient </b> (no stated gender) 1988-03-02 ( PPN: &lt;PassportNumber&gt;)</p></div>"
  },
  "identifier": [
    {
      "type": {
        "coding": [
          {
            "code": "PPN"
          }
        ]
      },
      "system": "urn:ietf:rfc:3986",
      "value": "<PassportNumber>"
    }
  ],
  "name": [
    {
      "family": "Patient",
      "given": [
        "BwTest"
      ]
    }
  ],
  "gender": "female",
  "birthDate": "1988-03-02"
}