{
  "resourceType": "Patient",
  "id": "example-ipms-patient",
  "meta": {
    "profile": [
      "http://b-techbw.github.io/bw-lab-ig/StructureDefinition/bw-patient"
    ]
  },
  "text": {
    "status": "generated",
    "div": "<div xmlns=\"http://www.w3.org/1999/xhtml\"><p><b>Demo IpmsPatient (OFFICIAL)</b> (no stated gender) 1948-01-22 ( id: &lt;OmangNumber&gt; (OFFICIAL))</p></div>"
  },
  "identifier": [
    {
      "type": {
        "coding": [
          {
            "code": "MR"
          }
        ]
      },
      "system": "urn:ietf:rfc:3986",
      "value": "urn:uuid:<IPMS Patient ID>"
    },
    {
      "use": "official",
      "system": "http://moh.bw.org/ext/identifier/omang",
      "value": "<OmangNumber>"
    }
  ],
  "name": [
    {
      "use": "official",
      "family": "IpmsPatient",
      "given": [
        "Demo"
      ]
    }
  ],
  "gender": "male",
  "birthDate": "1948-01-22",
  "managingOrganization": {
    "reference": "Organization/example-facility-order-reciever"
  }
}